first_name,last_name,email,contact,attributes,opt_in,unsubscribed,updated_at,created_at
Garret,Mosciski,Mckenna.Hills@yahoo.com,1-839-752-7263 x293,"{""interests"":""diver"",""notes"":""Occaecati aurum adfectus valde.""}",false,false,2024-10-09T04:47:51.382Z,2024-02-21T23:41:29.849Z
Evelyn,Watsica-Mayer,Kadin_Hartmann7@hotmail.com,(446) 795-5868 x10098,"{""interests"":""mallard"",""notes"":""Quidem pauper cilicium minus triumphus curo crastinus solium pecco administratio.""}",false,true,2024-10-08T16:20:29.295Z,2024-06-24T20:53:26.425Z
Bradford,Schroeder,Maiya_Reilly@gmail.com,(896) 682-7427 x05635,"{""interests"":""annual"",""notes"":""Deduco caput aspicio inventore bene itaque testimonium harum.""}",true,false,2024-10-08T15:58:27.271Z,2024-02-09T08:03:52.815Z
Ella,Stark,Morris_Blick12@hotmail.com,1-510-433-6694,"{""interests"":""kielbasa"",""notes"":""Sortitus deleniti amet autem.""}",false,true,2024-10-08T18:39:46.623Z,2024-02-13T18:50:24.259Z
Devyn,Schimmel,Bennie_Keeling79@gmail.com,854-334-5186 x559,"{""interests"":""utilization"",""notes"":""Alioqui sub caveo.""}",false,false,2024-10-09T07:39:20.811Z,2024-07-09T17:29:59.468Z
Sandra,Hills,Marques.Gleason80@gmail.com,1-336-226-3241 x1243,"{""interests"":""costume"",""notes"":""Corrupti corona desidero dicta.""}",false,true,2024-10-09T14:25:05.993Z,2024-09-11T21:38:42.489Z
Zoey,Frami,Magnus.Parisian15@yahoo.com,1-930-590-6346 x0209,"{""interests"":""lava"",""notes"":""Cito modi demonstro nam.""}",false,true,2024-10-09T03:34:17.866Z,2024-06-10T03:58:58.679Z
Josh,Davis,Claudie64@yahoo.com,633.482.4160,"{""interests"":""hope"",""notes"":""Similique congregatio defungo allatus.""}",false,false,2024-10-09T00:34:43.425Z,2024-04-13T22:32:35.864Z
Chester,Hodkiewicz,Priscilla.Ullrich7@gmail.com,727-912-3946,"{""interests"":""flight"",""notes"":""Terebro illum cultura labore.""}",false,false,2024-10-09T00:10:55.675Z,2024-03-27T04:06:53.377Z
Loyce,Miller,Marta2@yahoo.com,316.501.2867,"{""interests"":""cutover"",""notes"":""Provident summisse calculus adduco varietas sui utroque contra decerno.""}",true,true,2024-10-08T20:27:00.020Z,2024-07-08T01:27:16.670Z
Rachel,Sporer,Caesar.Altenwerth@gmail.com,496.896.9051 x1988,"{""interests"":""swim"",""notes"":""Ait curriculum tergiversatio conicio ex peior bene cursus.""}",false,true,2024-10-09T03:37:28.056Z,2024-03-22T23:37:24.245Z
Andy,Lesch,Sylvan3@gmail.com,894-718-7100 x95460,"{""interests"":""partridge"",""notes"":""Admoveo ullam dignissimos thalassinus succurro deinde.""}",true,false,2024-10-08T20:54:52.206Z,2023-10-30T02:16:33.664Z
Velma,Langosh-Heathcote,Russell.Goodwin@hotmail.com,1-909-209-4100,"{""interests"":""resource"",""notes"":""Consectetur desino quisquam tabella copia pectus tonsor.""}",true,false,2024-10-09T04:08:25.612Z,2024-09-17T07:46:58.887Z
Emely,Schmitt,Oscar.Stiedemann@gmail.com,(741) 559-2730,"{""interests"":""entry"",""notes"":""Aveho volo reprehenderit.""}",false,true,2024-10-08T16:41:27.569Z,2024-04-30T11:54:24.341Z
General,Kulas,Zander22@hotmail.com,1-386-269-1025 x740,"{""interests"":""cauliflower"",""notes"":""Decet deripio adversus decretum pecco sursum delectus.""}",false,true,2024-10-09T06:26:41.371Z,2023-10-11T22:31:52.733Z
Guillermo,Swift,Lea.Pacocha@yahoo.com,(804) 783-7985 x309,"{""interests"":""alligator"",""notes"":""Dedico tredecim omnis.""}",true,false,2024-10-09T04:01:15.427Z,2024-02-16T17:51:51.017Z
Amya,Bernhard,Claudine65@hotmail.com,1-896-230-7489 x093,"{""interests"":""finger"",""notes"":""Crustulum quo ager aperio commodo armarium abutor abundans cognomen.""}",false,true,2024-10-09T02:06:22.482Z,2023-11-09T16:45:08.241Z
Demarco,Satterfield,Alfred_Schamberger@hotmail.com,(809) 268-4245,"{""interests"":""baritone"",""notes"":""Statua velum solvo thalassinus numquam vos vis tero.""}",false,true,2024-10-09T09:11:13.538Z,2024-01-07T08:10:43.902Z
Jessy,Kunde,Lula53@hotmail.com,(803) 665-5065 x6545,"{""interests"":""antelope"",""notes"":""Turba carcer patria curtus ter doloribus dolor caritas adflicto degero.""}",true,true,2024-10-08T15:42:32.515Z,2024-04-14T20:38:28.880Z
Brandy,Steuber,Amira.Boehm44@gmail.com,1-570-720-3001 x25813,"{""interests"":""postbox"",""notes"":""Ago copiose ancilla paulatim audio cogo crepusculum.""}",false,false,2024-10-09T14:29:40.994Z,2024-02-13T00:59:40.296Z
Hester,Krajcik,Jonathan_Wintheiser@hotmail.com,(898) 714-6795,"{""interests"":""mainstream"",""notes"":""Autem usus absens copia thesis sperno aspicio.""}",false,false,2024-10-09T09:20:38.301Z,2024-08-08T20:37:48.596Z
Nelda,Walter-Powlowski,Rosalyn4@gmail.com,276.745.2491 x8400,"{""interests"":""kielbasa"",""notes"":""Utpote atque voluptatum tredecim vilis totam caste cotidie.""}",true,true,2024-10-08T19:49:22.470Z,2024-04-18T11:47:22.025Z
Ansel,Ruecker,Ernie_Denesik81@gmail.com,881-891-2583,"{""interests"":""beret"",""notes"":""Vito degero vulticulus ara.""}",false,false,2024-10-08T16:30:07.455Z,2023-10-31T04:56:39.131Z
Hank,Wehner,Camille.Wyman@yahoo.com,340-203-9276 x97502,"{""interests"":""dish"",""notes"":""Ratione modi color coruscus stipes ipsa omnis pecco ipsa.""}",false,false,2024-10-08T15:46:06.035Z,2024-09-02T01:17:52.930Z
Seamus,Reichert,Lloyd59@hotmail.com,845-390-1604,"{""interests"":""window"",""notes"":""Voluptate peior sordeo acidus nam desparatus benevolentia.""}",false,true,2024-10-08T22:19:09.493Z,2024-04-27T23:13:12.487Z
Jailyn,Torphy,Audie29@hotmail.com,(428) 904-1538 x401,"{""interests"":""e-mail"",""notes"":""Adopto agnosco sum aestivus officia adficio comes animi.""}",true,false,2024-10-09T03:57:38.930Z,2024-02-07T02:34:36.090Z
Fabiola,Wilderman,Lulu.Kuvalis27@yahoo.com,1-529-657-8700 x541,"{""interests"":""poppy"",""notes"":""Conqueror bos admitto commodi thymum currus.""}",true,false,2024-10-09T08:22:25.872Z,2024-09-12T04:08:03.124Z
Vince,Haley,Joshuah_Mante@hotmail.com,296-368-4294 x13506,"{""interests"":""premise"",""notes"":""Addo adversus sublime est apto pariatur utrimque deprimo cedo.""}",true,true,2024-10-08T22:28:17.789Z,2023-10-26T09:19:21.560Z
Luis,Friesen,Gust.Considine70@yahoo.com,362.230.2792,"{""interests"":""mathematics"",""notes"":""Turbo excepturi delicate cariosus cibus caput defendo una commodo.""}",false,false,2024-10-09T00:49:26.728Z,2024-08-21T09:59:31.055Z
Javier,Kutch,Waldo74@hotmail.com,363-883-0793 x64844,"{""interests"":""onset"",""notes"":""Celer callide adhaero tamquam celo.""}",true,false,2024-10-09T08:07:52.608Z,2024-05-31T01:51:54.494Z
Ryley,Rath,Arely_Paucek@yahoo.com,558-555-2507 x804,"{""interests"":""plastic"",""notes"":""Vitium sum aer facere vulticulus sequi velociter attero capitulus.""}",false,false,2024-10-09T05:50:50.025Z,2024-09-08T14:18:46.592Z
Emile,Rippin,Kailee_Kshlerin17@yahoo.com,(592) 323-8769 x90709,"{""interests"":""ferret"",""notes"":""Terga acsi decumbo correptius conicio comptus incidunt summa harum aequus.""}",false,true,2024-10-09T00:39:37.829Z,2024-01-28T00:55:37.214Z
Marguerite,Schmidt,Clint18@hotmail.com,1-918-967-4654 x102,"{""interests"":""recovery"",""notes"":""Adaugeo cunctatio suppellex facere cubitum.""}",true,false,2024-10-09T06:34:18.350Z,2024-06-07T00:13:32.148Z
Joey,Roberts-Harvey,Jovani29@gmail.com,499.430.8135 x545,"{""interests"":""conservative"",""notes"":""Decerno cotidie libero agnitio conspergo.""}",false,true,2024-10-09T10:53:43.285Z,2024-09-05T01:13:59.540Z
Armand,Harris,Arjun5@hotmail.com,1-654-337-4146 x5845,"{""interests"":""rosemary"",""notes"":""Abundans colligo vetus creator audacia solutio stultus voluptatem.""}",false,true,2024-10-08T18:41:57.773Z,2024-02-07T07:50:12.999Z
Elroy,Koelpin,Krystal.Windler76@gmail.com,446-836-2083,"{""interests"":""cook"",""notes"":""Tabgo advoco fuga.""}",true,true,2024-10-09T01:57:41.459Z,2024-09-30T15:37:09.244Z
Rosie,Kessler,Rahsaan84@hotmail.com,494-695-8869,"{""interests"":""harp"",""notes"":""Odit verbera pectus abundans umbra certe alienus nemo.""}",true,false,2024-10-08T15:21:27.350Z,2024-09-03T02:57:58.578Z
Viva,Farrell,Emmanuel_Schultz@hotmail.com,1-420-320-9083,"{""interests"":""extent"",""notes"":""Itaque subseco claudeo.""}",false,true,2024-10-08T18:47:17.147Z,2024-05-15T02:05:05.271Z
Marlin,Schowalter,Jammie.Wuckert1@gmail.com,717-439-0831,"{""interests"":""devil"",""notes"":""Quas tener commemoro umerus aeneus.""}",false,false,2024-10-09T03:43:12.351Z,2024-04-28T10:58:55.024Z
Nash,Greenholt,Sim42@yahoo.com,909.996.5589 x142,"{""interests"":""programme"",""notes"":""Viriliter architecto paulatim sequi vorax stipes.""}",false,false,2024-10-09T07:34:34.850Z,2024-03-12T08:20:50.205Z
Lola,Kilback,Leonel95@hotmail.com,224.436.6121,"{""interests"":""allegation"",""notes"":""Villa aufero nesciunt collum claro sufficio aegre terga ara.""}",true,true,2024-10-09T04:48:59.823Z,2023-11-09T11:10:13.474Z
Charles,Jenkins,Lloyd35@yahoo.com,1-460-547-6386 x877,"{""interests"":""bathrobe"",""notes"":""Super expedita adsidue crapula accendo desolo vicissitudo cimentarius.""}",true,true,2024-10-09T09:12:04.809Z,2024-10-01T21:37:01.964Z
Dahlia,Bins,Javonte.Nitzsche37@yahoo.com,1-870-640-4511 x80414,"{""interests"":""license"",""notes"":""Cultura atqui vita valetudo cupressus.""}",false,true,2024-10-09T02:16:10.426Z,2024-08-05T09:58:29.220Z
Chaya,Anderson,Emilio_Breitenberg@yahoo.com,1-404-876-5558 x95106,"{""interests"":""exterior"",""notes"":""At creber ago subseco terror.""}",false,true,2024-10-09T13:05:13.641Z,2023-11-19T08:41:08.374Z
Zaria,Gottlieb,Lexie_Bradtke75@gmail.com,686.876.9586,"{""interests"":""flight"",""notes"":""Mollitia caelum corrupti texo audacia.""}",true,true,2024-10-09T00:42:32.950Z,2024-03-29T01:18:44.570Z
Esteban,Barrows,Tatyana_Harris78@yahoo.com,367.545.7642 x00412,"{""interests"":""custom"",""notes"":""Admoneo adflicto tepesco comminor soleo culpo damnatio.""}",false,false,2024-10-09T06:08:40.489Z,2024-04-20T11:58:07.380Z
Abner,Sipes,Nadia42@hotmail.com,333.366.0837 x121,"{""interests"":""eggplant"",""notes"":""Usque aqua acerbitas tollo denuncio labore cavus alii universe.""}",false,true,2024-10-08T19:31:39.570Z,2023-10-20T07:54:23.413Z
Kylee,Wisozk,Brody.Metz93@yahoo.com,1-351-613-1440 x1118,"{""interests"":""adrenalin"",""notes"":""Strenuus vomito crebro consequatur defessus adfero aestus defetiscor.""}",false,false,2024-10-08T21:22:33.567Z,2024-09-22T09:02:28.996Z
Maude,Reilly,Janick.Medhurst@gmail.com,1-474-203-3666 x823,"{""interests"":""drive"",""notes"":""Qui crux creta supellex conculco aestas iure atrox virgo.""}",false,false,2024-10-08T18:40:10.240Z,2024-06-17T03:46:07.254Z
Chaz,Haley,Sylvester91@hotmail.com,1-944-991-8617 x679,"{""interests"":""language"",""notes"":""Neque animadverto modi error suscipio dedico claro astrum.""}",false,true,2024-10-09T09:38:59.228Z,2023-10-22T17:43:12.773Z
Clovis,Hauck,Frieda16@hotmail.com,1-248-228-1639 x743,"{""interests"":""lifestyle"",""notes"":""Aufero ait quibusdam.""}",false,true,2024-10-09T14:23:40.572Z,2024-01-28T08:37:07.863Z
Judd,Windler,June.Reichel51@hotmail.com,(514) 999-6399 x22260,"{""interests"":""nephew"",""notes"":""Vulariter desolo eum circumvenio carpo et auctor uredo.""}",false,false,2024-10-09T02:48:07.570Z,2024-05-13T06:19:01.603Z
Letha,Hamill,Danial_King@yahoo.com,655-900-6619 x07880,"{""interests"":""lobster"",""notes"":""Sumo rem cur repudiandae tabella cras verus terminatio crastinus.""}",true,true,2024-10-08T17:41:19.847Z,2024-06-20T21:01:05.634Z
Nathanial,Watsica,Verdie.Lemke72@hotmail.com,(789) 414-6153 x092,"{""interests"":""version"",""notes"":""Totus voveo amplus appono solio super aperte asporto arma.""}",true,false,2024-10-09T01:50:48.000Z,2024-03-17T16:38:12.663Z
Jules,Mayer,Coleman47@gmail.com,242-612-3049 x9410,"{""interests"":""ghost"",""notes"":""Creator ventito pax tertius constans.""}",true,false,2024-10-09T13:11:33.449Z,2024-08-16T11:12:06.372Z
Sydnie,Lesch,Jonathan_Wiegand16@hotmail.com,944-943-8903 x30119,"{""interests"":""fishery"",""notes"":""Audentia auxilium curto teneo voluptates trepide cursim eius triumphus.""}",false,true,2024-10-08T18:09:25.713Z,2023-11-16T08:10:19.470Z
Rudolph,Welch-Bogisich,Aleen.Runte41@yahoo.com,(356) 575-2771 x41218,"{""interests"":""heartache"",""notes"":""Caterva summa cogito nesciunt harum summopere copiose vociferor fuga.""}",false,false,2024-10-08T23:19:39.500Z,2024-04-07T11:06:51.306Z
Lon,Greenfelder,Earl56@hotmail.com,607.396.3637 x02077,"{""interests"":""cauliflower"",""notes"":""Celo demoror demum.""}",false,false,2024-10-08T23:45:51.303Z,2024-01-30T00:54:39.808Z
Cletus,Monahan,Lilla.Runolfsson@hotmail.com,(952) 659-6900 x9276,"{""interests"":""warming"",""notes"":""Condico ducimus decumbo.""}",true,false,2024-10-09T01:50:01.112Z,2024-02-11T11:55:44.418Z
Bertha,Mitchell,Eddie.Brakus@gmail.com,(989) 455-7241 x480,"{""interests"":""airport"",""notes"":""Aeternus clam conicio trans sit officia.""}",false,true,2024-10-08T22:29:44.054Z,2024-05-02T14:08:51.687Z
Ida,Howell,Nathanael_Hilpert@yahoo.com,(533) 511-8497,"{""interests"":""castanet"",""notes"":""Voluntarius deficio conscendo.""}",true,true,2024-10-08T23:14:48.118Z,2024-05-21T23:45:08.881Z
Austen,Dibbert,Ahmad.Pfeffer79@yahoo.com,1-694-562-2201 x31963,"{""interests"":""dredger"",""notes"":""Absum adnuo adulescens curis aequus.""}",false,true,2024-10-08T17:56:42.425Z,2024-02-23T21:45:51.036Z
Lemuel,Kunze,Enrico.Douglas@gmail.com,1-395-371-1033 x539,"{""interests"":""tomography"",""notes"":""Cursim tripudio ad voro voro nostrum blanditiis cultura.""}",false,false,2024-10-09T06:02:13.812Z,2024-10-02T01:28:06.455Z
Virginia,Dibbert,Bridgette.Stokes@gmail.com,1-881-582-4262 x9055,"{""interests"":""embarrassment"",""notes"":""Spiritus solio ambulo antea carus.""}",false,true,2024-10-08T16:10:44.089Z,2024-09-07T14:58:00.751Z
Jettie,Stracke,Easter.Deckow-Herman42@hotmail.com,645.643.5126,"{""interests"":""waist"",""notes"":""Apostolus chirographum apto distinctio aperte nam suppono vicissitudo rem.""}",false,true,2024-10-09T00:32:19.153Z,2024-04-14T21:34:07.791Z
Charlotte,McClure,Tyrique_Gerlach94@hotmail.com,590.412.3129,"{""interests"":""packaging"",""notes"":""Voluptatibus somniculosus delego tantillus tamdiu valens voluptas ars universe dens.""}",true,false,2024-10-09T10:03:59.768Z,2024-08-18T16:04:06.812Z
Eileen,Rodriguez,Patricia.Nicolas@gmail.com,1-663-662-9538 x9845,"{""interests"":""drug"",""notes"":""Comminor amplitudo peior et tandem adeptio centum conculco.""}",true,false,2024-10-08T16:02:07.566Z,2024-10-07T13:23:02.452Z
Fletcher,D'Amore,Pauline.Torphy@hotmail.com,(868) 220-4241 x63380,"{""interests"":""academics"",""notes"":""Vulgaris absum causa pariatur sol sublime angulus curtus creo hic.""}",true,false,2024-10-08T18:12:45.368Z,2023-11-04T01:44:18.781Z
Rosa,Haley,Andreanne91@gmail.com,793.439.5233,"{""interests"":""grandson"",""notes"":""Texo thymbra theatrum tum arbor territo tempus.""}",true,true,2024-10-08T16:21:48.408Z,2024-09-27T13:47:40.059Z
Harold,Rau,Megane.Wunsch51@gmail.com,447-679-9290 x4372,"{""interests"":""challenge"",""notes"":""Vere subvenio ulciscor adstringo adiuvo appello coniuratio vinculum absum.""}",false,false,2024-10-08T22:47:24.486Z,2024-07-17T13:09:09.147Z
Lina,Wunsch,Madalyn50@gmail.com,793.713.8209 x58005,"{""interests"":""vista"",""notes"":""Commemoro cohibeo depono talio carmen nam arguo coepi.""}",true,true,2024-10-08T18:36:26.396Z,2024-08-01T07:50:45.108Z
Josh,Hauck,Easton_Krajcik67@gmail.com,1-743-731-5633 x793,"{""interests"":""boulevard"",""notes"":""Sumo acervus rerum timor certus decerno arx.""}",true,true,2024-10-09T13:55:57.448Z,2024-09-26T08:29:06.869Z
Katherine,Abshire,Joelle.Kuphal7@yahoo.com,(502) 444-3347 x1424,"{""interests"":""entry"",""notes"":""Cena suscipit aperio vinculum attonbitus.""}",true,false,2024-10-09T02:21:14.272Z,2024-04-06T03:50:36.192Z
Augustus,Ernser,Marcel32@yahoo.com,1-697-911-7558 x17855,"{""interests"":""hospitalization"",""notes"":""Casso porro asporto celo deprecator solus trans creta.""}",true,false,2024-10-09T08:58:12.481Z,2024-04-17T14:44:51.858Z
Maximo,Waelchi,Delta_Bailey54@yahoo.com,507.955.7858 x17373,"{""interests"":""tapioca"",""notes"":""Copiose deprimo vigor defero deporto.""}",false,false,2024-10-08T21:54:23.140Z,2024-08-27T21:02:37.393Z
Adolf,Rempel,Kitty_Jenkins@gmail.com,225.937.4854 x24451,"{""interests"":""adviser"",""notes"":""Cubitum subiungo cura necessitatibus tergum in facilis.""}",false,true,2024-10-08T17:04:53.437Z,2024-05-30T19:46:46.439Z
Idell,Mitchell,Celestino25@yahoo.com,962-717-1989 x395,"{""interests"":""utilization"",""notes"":""Una contra decerno utrum tactus deripio ullam comprehendo.""}",true,true,2024-10-09T02:21:51.395Z,2024-02-10T09:17:03.923Z
Phoebe,Rodriguez,Lila_Hartmann91@hotmail.com,364.213.1004 x2308,"{""interests"":""viability"",""notes"":""Blandior ustulo tripudio.""}",false,true,2024-10-08T15:29:09.453Z,2024-02-27T11:18:12.773Z
Cristina,Welch,Lenny16@yahoo.com,1-995-806-6911 x9461,"{""interests"":""trolley"",""notes"":""Appositus coma administratio cum acerbitas.""}",true,true,2024-10-09T03:35:36.014Z,2023-10-24T19:52:04.757Z
Susana,Huel,Ray20@yahoo.com,937.614.9846 x6938,"{""interests"":""birdbath"",""notes"":""Adduco stella celo correptius vulnus caelestis ut in demergo.""}",true,false,2024-10-09T14:33:44.745Z,2023-10-16T09:11:34.645Z
Leonor,Effertz,Mabelle48@gmail.com,1-792-482-9621 x16685,"{""interests"":""hubris"",""notes"":""Itaque bos aiunt concedo quibusdam.""}",false,false,2024-10-09T10:03:14.613Z,2024-03-16T17:53:18.030Z
Johan,Schoen,Dakota_Keeling23@hotmail.com,501-973-8693 x2898,"{""interests"":""allocation"",""notes"":""Velit consectetur vulgo adfero tremo valeo sordeo officiis.""}",false,true,2024-10-08T14:45:37.119Z,2024-05-16T10:55:03.623Z
Zachariah,Hilll,Kimberly.Stiedemann@gmail.com,(825) 902-0040 x79499,"{""interests"":""cod"",""notes"":""Tondeo cursim brevis defluo vesco credo virgo deporto.""}",true,false,2024-10-09T01:39:36.036Z,2023-12-23T00:17:43.752Z
Sidney,Baumbach,Brooke.Barton90@hotmail.com,814-449-0685,"{""interests"":""discourse"",""notes"":""Harum votum dedico aeneus ancilla cruentus.""}",true,false,2024-10-09T10:02:33.033Z,2024-09-28T23:23:48.911Z
Adolfo,Hermiston-Parisian,Eleanore.Larkin49@hotmail.com,530-491-6706,"{""interests"":""humor"",""notes"":""Termes asporto spoliatio demo demonstro.""}",false,true,2024-10-09T10:19:07.261Z,2024-03-25T09:05:45.253Z
Chasity,Medhurst,Marlen.Beatty@yahoo.com,234-856-2503,"{""interests"":""best-seller"",""notes"":""Ambitus capio adflicto uberrime claro.""}",false,false,2024-10-09T01:51:37.788Z,2024-02-15T00:55:13.662Z
Uriel,Hand,Rod.Gleason@yahoo.com,1-256-245-5036,"{""interests"":""essence"",""notes"":""Debitis terror deficio uter veritatis carus pariatur cognatus.""}",true,true,2024-10-09T04:41:14.758Z,2024-01-12T06:34:38.891Z
Adriana,Boyle,Dexter71@hotmail.com,1-973-250-9912 x695,"{""interests"":""tributary"",""notes"":""Culpo calamitas derideo aeger.""}",true,true,2024-10-09T00:25:07.247Z,2024-01-02T04:22:29.556Z
Adolph,Bashirian,Adam.Abbott21@gmail.com,(407) 981-4028 x62970,"{""interests"":""asset"",""notes"":""Curis decet quasi vel demonstro ipsa corporis molestiae contigo.""}",false,false,2024-10-08T23:44:31.995Z,2024-03-06T08:17:23.932Z
Ben,Hyatt,Nola6@gmail.com,386-585-4380 x848,"{""interests"":""pile"",""notes"":""Dolor ventus nemo repellat magnam.""}",true,false,2024-10-08T16:16:42.136Z,2023-12-10T00:26:05.608Z
Westley,Beier,Ora13@gmail.com,556.219.3876 x32587,"{""interests"":""postbox"",""notes"":""Volo dolorem correptius curiositas cerno adsidue cursim labore vulgivagus.""}",true,false,2024-10-09T05:40:01.170Z,2024-09-26T21:55:08.787Z
Una,Boyer,Vicky_Dicki@yahoo.com,520-890-9235 x9895,"{""interests"":""giggle"",""notes"":""Sono dedecor patior.""}",false,false,2024-10-08T15:18:19.200Z,2023-11-26T20:47:35.905Z
Sophia,Hartmann,Juliana_Maggio@yahoo.com,1-228-666-8821 x565,"{""interests"":""inspection"",""notes"":""Pauci in laborum stipes aurum pariatur.""}",true,true,2024-10-09T07:13:53.095Z,2024-02-22T08:41:55.124Z
Madalyn,Hartmann,Roman.Marquardt57@yahoo.com,1-261-762-9274,"{""interests"":""spear"",""notes"":""Vox viduo annus subvenio.""}",true,false,2024-10-08T22:16:53.614Z,2024-01-14T04:23:01.845Z
Stewart,Simonis,Kailey_Bartell83@gmail.com,611-612-0565 x588,"{""interests"":""gradient"",""notes"":""Vaco velit terminatio quidem.""}",false,false,2024-10-09T14:13:20.124Z,2024-02-02T01:40:03.636Z
Ulices,Prohaska,Jeromy_Bahringer61@hotmail.com,(448) 664-9087 x695,"{""interests"":""petticoat"",""notes"":""Apparatus vetus vitium cilicium consequatur.""}",false,false,2024-10-08T16:30:19.748Z,2023-11-30T17:23:59.571Z
Maureen,Upton,Clement51@gmail.com,412-252-1954 x285,"{""interests"":""crest"",""notes"":""Verumtamen cito velociter desipio sordeo defaeco.""}",true,false,2024-10-08T16:23:18.724Z,2023-10-30T23:21:23.150Z
Amira,Beatty,Rico.Kuhlman86@gmail.com,712-353-8490 x2262,"{""interests"":""thyme"",""notes"":""Defaeco umbra sol coniuratio taedium ante.""}",true,false,2024-10-09T12:51:07.184Z,2024-02-23T16:21:47.134Z
Myriam,Bernier,Dalton.Macejkovic@gmail.com,926-950-7976 x7040,"{""interests"":""casket"",""notes"":""Vito aeger doloribus astrum cubo.""}",true,true,2024-10-09T00:59:04.950Z,2024-03-21T16:10:22.107Z
Terry,Price,Billie.Wyman@yahoo.com,1-637-680-7817 x2394,"{""interests"":""taro"",""notes"":""Balbus quam tricesimus viduo custodia.""}",true,true,2024-10-09T09:11:00.415Z,2023-10-27T09:26:18.772Z
